<?xml version="1.0" encoding="UTF-8"?>
<project-private xmlns="http://www.netbeans.org/ns/project-private/1">
    <editor-bookmarks xmlns="http://www.netbeans.org/ns/editor-bookmarks/2" lastBookmarkId="0"/>
    <open-files xmlns="http://www.netbeans.org/ns/projectui-open-files/2">
        <group>
            <file>file:/C:/Users/00715111213/Documents/NetBeansProjects/padroes-projeto-atividades/Livraria/src/Formulários/InterfaceLivraria.java</file>
            <file>file:/C:/Users/00715111213/Documents/NetBeansProjects/padroes-projeto-atividades/Livraria/src/Testes/Teste.java</file>
            <file>file:/C:/Users/00715111213/Documents/NetBeansProjects/padroes-projeto-atividades/Livraria/src/livraria/produtos/ValorPagoPorProduto.java</file>
            <file>file:/C:/Users/00715111213/Documents/NetBeansProjects/padroes-projeto-atividades/Livraria/src/livraria/CalcularValorTotal.java</file>
            <file>file:/C:/Users/00715111213/Documents/NetBeansProjects/padroes-projeto-atividades/Livraria/src/livraria/produtos/JogosTabuleiro.java</file>
            <file>file:/C:/Users/00715111213/Documents/NetBeansProjects/padroes-projeto-atividades/Livraria/src/livraria/produtos/VideoGamesDigitais.java</file>
            <file>file:/C:/Users/00715111213/Documents/NetBeansProjects/padroes-projeto-atividades/Livraria/src/livraria/produtos/VideoGamesFisicos.java</file>
            <file>file:/C:/Users/00715111213/Documents/NetBeansProjects/padroes-projeto-atividades/Livraria/src/livraria/Livraria.java</file>
        </group>
    </open-files>
</project-private>
